"X1","X2","X3","X4","X5","X6","X7","X8","X9","X10","X11","X12","X13","X14","X15","X16","X17"
"gckk","hckj","dckj","dbjj","ffkj","bekk","gekk","hgkk",NA,NA,NA,NA,NA,NA,NA,NA,NA
"gckk","jfkk","dcjk","hckj","dfkk","bcjk","fgkj","bfjk","hgkk",NA,NA,NA,NA,NA,NA,NA,NA
"gckk","igkk","hekk","hfkj","iejk","cgjk","egkj","hgkk",NA,NA,NA,NA,NA,NA,NA,NA,NA
"gckk","cfjk","eejk","dgkj","ickk","dfjk","egkj","hgkk",NA,NA,NA,NA,NA,NA,NA,NA,NA
"gckk","dcjk","cfjk","cekk","hekk","ggkk","fekk","hgkk",NA,NA,NA,NA,NA,NA,NA,NA,NA
"gckk","gckj","dfjk","bckk","egkk","bgkk","cekk","cekj","hgkk",NA,NA,NA,NA,NA,NA,NA,NA
"gckk","gdkk","hdjk","hckj","dgkk","ffkj","ggkj","hgkk",NA,NA,NA,NA,NA,NA,NA,NA,NA
"gckk","hcjk","cfkj","eckj","gckj","dgjk","fgkj","efkj","bejk","gekk","hgkk",NA,NA,NA,NA,NA,NA
"gckk","ecjk","hfjk","gekk","ifkj","dcjk","dgjk","egkk","fgkj","ggkj","hekk","hgkk",NA,NA,NA,NA,NA
"gckk","jcjk","gcjk","gfjk","dfkk","ffjk","gekk","hgkj","hgkk",NA,NA,NA,NA,NA,NA,NA,NA
"gckk","icjk","dckk","dfkj","cfkj","ggkk","eekk","hgkk",NA,NA,NA,NA,NA,NA,NA,NA,NA
"gckk","dckj","dbjj","ffkj","bekk","gekk","hfkj","fgkk",NA,NA,NA,NA,NA,NA,NA,NA,NA
"gckk","gcjk","ickj","dfkk","ifkj","hekk","hfkj","iekk","ggjk","fckj","igkj","fgkj","ggkj","fgkk",NA,NA,NA
"gckk","dcjk","dgkk","bcjk","fgkj","cgjk","cgkj","fgkk",NA,NA,NA,NA,NA,NA,NA,NA,NA
"gckk","ifkk","cfkj","cekk","iekk","cgjk","egkj","fgkk",NA,NA,NA,NA,NA,NA,NA,NA,NA
"gckk","gfkj","fekj","dekk","dejk","cgjk","dgkk","hgkj","fgkk",NA,NA,NA,NA,NA,NA,NA,NA
"gckk","gcjk","gfjk","cfkj","eckj","gckj","ecjk","hgkk","hfkj","hfjk","fgkk",NA,NA,NA,NA,NA,NA
"gckk","cdkj","edkk","cdjk","hckk","ffkj","bekk","cgjk","egkj","igkk",NA,NA,NA,NA,NA,NA,NA
"gckk","jfkk","dcjk","hckj","ccjk","hfkj","cekk","cekj","igkk",NA,NA,NA,NA,NA,NA,NA,NA
"gckk","gdkk","hdkk","gfkk","hfkj","gfkj","cfjk","eejk","igkk",NA,NA,NA,NA,NA,NA,NA,NA
"gckk","efkj","dekk","dejk","cgjk","dckj","ifkk","hfkj","fekk","igkk",NA,NA,NA,NA,NA,NA,NA
"gckk","cckj","dckj","eckj","gckj","dfjk","gfkk","cdkk","edkk","igkk",NA,NA,NA,NA,NA,NA,NA
"gckk","gdkj","fgkj","cgjk","cfkj","efkk","eekk","igkk",NA,NA,NA,NA,NA,NA,NA,NA,NA
"gckk","gdjk","hdkk","ickk","efjk","dgkj","cgkk","cekk","igkk",NA,NA,NA,NA,NA,NA,NA,NA
"gckk","gdkk","hdjk","gckj","dckj","cfjk","efkk","cgkj","igkk",NA,NA,NA,NA,NA,NA,NA,NA
"gckk","bfjk","cgkj","bekk","cfjk","ffjk","gfjk","cfkj","igkk",NA,NA,NA,NA,NA,NA,NA,NA
"gckk","bgjk","eekk","cfkj","cfjk","cekk","iekk","cgjk","igkk",NA,NA,NA,NA,NA,NA,NA,NA
"gckk","gfkj","cejk","cfjk","dckk","ifkj","gcjk","igkk",NA,NA,NA,NA,NA,NA,NA,NA,NA
"gckk","ickj","dgjk","fgkj","bekk","dgkk","fcjk","igkk",NA,NA,NA,NA,NA,NA,NA,NA,NA
"gckk","gfjk","hfkj","fekj","cejk","cfjk","dckk","gckj","ickk",NA,NA,NA,NA,NA,NA,NA,NA
"gckk","cfkj","eckj","efjj","dbjj","ebjj","cckj","ickk",NA,NA,NA,NA,NA,NA,NA,NA,NA
"gckk","igkj","gfkj","fekj","dekk","cgkj","gekk","dgkj","dckk","ickk",NA,NA,NA,NA,NA,NA,NA
"gckk","ffjk","gekk","cgkk","dfkj","hckk","gdkk","idkk","ickk",NA,NA,NA,NA,NA,NA,NA,NA
"gckk","gfjk","ifkj","hekk","bekk","cfjk","efkk","cgkj","gcjk",NA,NA,NA,NA,NA,NA,NA,NA
"gckk","eckj","efjj","dbjj","ebjj","cckj","hckk","ecjk","cdkk","gcjk",NA,NA,NA,NA,NA,NA,NA
"gckk","hgjk","gekk","hfkj","fekj","ffjk","cckj","eckk","gcjk",NA,NA,NA,NA,NA,NA,NA,NA
"gckk","fdkj","ffkk","cgjk","dckk","hcjk","gdkk","gcjk",NA,NA,NA,NA,NA,NA,NA,NA,NA
"gckk","bgkk","cekk","iekk","cgjk","egkj","fckj","gcjk",NA,NA,NA,NA,NA,NA,NA,NA,NA
"gckk","dgjk","egkk","eejk","dgkj","bckk","efkk","gcjk",NA,NA,NA,NA,NA,NA,NA,NA,NA
"gckk","gfkj","fekj","dekk","dejk","cgjk","fgkk","gcjk",NA,NA,NA,NA,NA,NA,NA,NA,NA
"gckk","cfkj","cfjk","ffjk","gfjk","dfkk","bcjk","fgkj","fgjk","gcjk",NA,NA,NA,NA,NA,NA,NA
"gckk","ffjk","dfkk","ifkj","hekk","hfkj","iekk","ggjk","cdkk","hckk",NA,NA,NA,NA,NA,NA,NA
"gckk","hckj","dfkk","bcjk","fgkj","fgjk","egkj","fckj","gckj","hckk",NA,NA,NA,NA,NA,NA,NA
"gckk","hfkk","ifkj","gcjk","gfjk","cdkk","edjk","cdjk","hckk",NA,NA,NA,NA,NA,NA,NA,NA
"gckk","jfkk","dcjk","dckk","icjk","gdkk","hdjk","hckk",NA,NA,NA,NA,NA,NA,NA,NA,NA
"gckk","ifkj","dcjk","hckj","dckk","hcjk","gdkk","hdkk","hckk",NA,NA,NA,NA,NA,NA,NA,NA
"gckk","cgkj","bekk","cfjk","eejk","dgkj","ickk","hckk",NA,NA,NA,NA,NA,NA,NA,NA,NA
"gckk","cfkj","eckj","efjj","dbjj","ebjj","cckj","fgjk","bekk","cgjk","ggkj","fekk","hckk",NA,NA,NA,NA
"gckk","fdkj","dbjj","ffkj","cejk","cfjk","ffjk","gekk","hfkj","hckk",NA,NA,NA,NA,NA,NA,NA
"gckk","cdkk","ffkj","bekk","dgkk","ifkk","hfkj","fekj","hckk",NA,NA,NA,NA,NA,NA,NA,NA
"gckk","cgkj","gekk","ifkj","dfjk","hfkj","fekk","hckk",NA,NA,NA,NA,NA,NA,NA,NA,NA
"gckk","bgkk","gfkj","bekk","cgkk","hfkj","idkk","hckk",NA,NA,NA,NA,NA,NA,NA,NA,NA
"gckk","bfjk","cgkj","hgkj","iekk","cejk","cekk","cfkj","efkk","gckj","dfjk","egkj","hckk",NA,NA,NA,NA
"gckk","fdkj","ffkk","dfjk","cgkj","gcjk","eckk","cdkk","hdjk","hckk",NA,NA,NA,NA,NA,NA,NA
"gckk","igjk","gfkk","ifkj","hgjk","fgkj","efkk","ickk","gdkk","idkk","hckk",NA,NA,NA,NA,NA,NA
"gckk","ifjk","dfkk","gfjk","hfkj","hfjk","fckj","ecjk","hckk",NA,NA,NA,NA,NA,NA,NA,NA
"gckk","ggjk","cgjk","dgkk","ffkj","efkk","cdjk","hckk",NA,NA,NA,NA,NA,NA,NA,NA,NA
"gckk","ccjk","hfkj","iejk","cgjk","cfkj","eckj","efjj","dbjj","ebjj","cckj","fcjk",NA,NA,NA,NA,NA
"gckk","ifkj","hekk","bekk","dgkk","cckk","cbjj","fcjk",NA,NA,NA,NA,NA,NA,NA,NA,NA
"gckk","ecjk","gckj","dgjk","egkk","eejk","dgkj","bckk","efkk","cekk","fcjk",NA,NA,NA,NA,NA,NA
"gckk","egjk","efkj","bekk","ggkk","gekj","bfkk","dgkj","ickk","fcjk",NA,NA,NA,NA,NA,NA,NA
"gckk","cgkj","gfkj","ggkk","hekk","ifkj","dfjk","fcjk",NA,NA,NA,NA,NA,NA,NA,NA,NA
"gckk","cfjk","ffjk","dfkk","bcjk","fgkj","ggkj","fcjk",NA,NA,NA,NA,NA,NA,NA,NA,NA
"gckk","cgjk","cgkj","bekk","cfjk","gfkj","fejk","ggkk","hckk","fcjk",NA,NA,NA,NA,NA,NA,NA
"gckk","efkj","bejk","gekk","cejk","hfkk","ggjk","eckk","fcjk",NA,NA,NA,NA,NA,NA,NA,NA
"gckk","fgjk","cfkj","cekk","iekk","cgjk","egkj","fckj","ecjk","cdkk","ffkj","cbjj","fcjk",NA,NA,NA,NA
"gckk","ickj","dgjk","fgkj","cgjk","dckj","hcjk","fcjk",NA,NA,NA,NA,NA,NA,NA,NA,NA
"gckk","jfkk","dcjk","hckj","dfkk","fgkk","eekj","cckk",NA,NA,NA,NA,NA,NA,NA,NA,NA
"gckk","cgkj","hgkj","iekk","cgjk","cfkj","eckj","cckk",NA,NA,NA,NA,NA,NA,NA,NA,NA
"gckk","hckk","ggkj","fejk","cekk","cekj","dekk","cckk",NA,NA,NA,NA,NA,NA,NA,NA,NA
"gckk","ifkk","gfjk","ggjk","cgjk","cekk","ggkj","fekk","cckk",NA,NA,NA,NA,NA,NA,NA,NA
"gckk","cfkk","ffjk","gekk","ifkj","gcjk","hckk","cckk",NA,NA,NA,NA,NA,NA,NA,NA,NA
"gckk","fgjk","bekk","gekk","dfkk","gfjk","cckj","cckk",NA,NA,NA,NA,NA,NA,NA,NA,NA
"gckk","cfjk","gfkj","fekj","dekk","dejk","cgjk","egkj","fckj","dcjk",NA,NA,NA,NA,NA,NA,NA
"gckk","hgkj","iekk","cejk","cekk","hekk","hgkk","dcjk",NA,NA,NA,NA,NA,NA,NA,NA,NA
"gckk","ifjk","dfkk","cgkj","gfkj","eckk","ffkj","dcjk",NA,NA,NA,NA,NA,NA,NA,NA,NA
"gckk","egjk","efkj","bekk","cfjk","cekk","iekk","cgjk","dckj","dcjk",NA,NA,NA,NA,NA,NA,NA
"gckk","dgjk","fgkj","bekk","dgkk","ffkj","fekk","dcjk",NA,NA,NA,NA,NA,NA,NA,NA,NA
"gckk","cgkj","gekk","dekk","iekk","cfjk","ffjk","cckj","eckj","fckj","ickk","dcjk",NA,NA,NA,NA,NA
"gckk","egkk","fckj","ecjk","cdkk","edjk","cdjk","eckk",NA,NA,NA,NA,NA,NA,NA,NA,NA
"gckk","efkj","bekk","gekk","hfkj","fekk","cfjk","dckk","eckk",NA,NA,NA,NA,NA,NA,NA,NA
"gckk","bdkk","fckk","hfkj","cekk","iekk","ggjk","cdkk","edkk","cdjk","eckk",NA,NA,NA,NA,NA,NA
"gckk","hgkj","iekk","cejk","cekk","hfkj","gekk","efkk","ggjk","eckk",NA,NA,NA,NA,NA,NA,NA
"gckk","ffjk","gfjk","hfkj","hekk","ifkj","dcjk","hckj","eckk",NA,NA,NA,NA,NA,NA,NA,NA
"gckk","bgkk","gfkj","fekj","dekk","dejk","cgjk","eckk",NA,NA,NA,NA,NA,NA,NA,NA,NA
"gckk","ccjk","hfkj","fgjk","efkk","fekk","dfkj","gfjk","cckk","eckj","eckk",NA,NA,NA,NA,NA,NA
"gckk","efkj","dekk","iekk","cfjk","ffjk","gekk","igkk","eckk",NA,NA,NA,NA,NA,NA,NA,NA
"gckk","cfkj","eckj","efjj","dbjj","ebjj","cckj","fgjk","cgkj","gfkj","dfkk","ickk","fcjk","eckk",NA,NA,NA
"gckk","bgjk","eekk","fgjk","egkk","fgkj","efkj","fckj","dckj","eckk",NA,NA,NA,NA,NA,NA,NA
"gckk","icjk","dckk","hfkj","iekk","ggjk","bfkk","ggkk",NA,NA,NA,NA,NA,NA,NA,NA,NA
"gckk","ccjk","hfkj","iejk","cgjk","ggkj","bekk","ggkk",NA,NA,NA,NA,NA,NA,NA,NA,NA
"gckk","ecjk","gckj","ccjk","fgkk","hfkj","fekj","dekk","ggkk",NA,NA,NA,NA,NA,NA,NA,NA
"gckk","hckk","fcjk","gfjk","cfkj","cekk","hekk","ifkj","ggkk",NA,NA,NA,NA,NA,NA,NA,NA
"gckk","ifkk","hckk","ccjk","hgkj","iekk","cejk","cekk","dekk","ggkk",NA,NA,NA,NA,NA,NA,NA
"gckk","cdkj","gckj","ecjk","cfkk","hekk","bekk","ggkk",NA,NA,NA,NA,NA,NA,NA,NA,NA
"gckk","jcjk","gcjk","ickj","dfkk","bcjk","fgkj","ggkk",NA,NA,NA,NA,NA,NA,NA,NA,NA
"gckk","egkk","eejk","fgkk","ifkj","gcjk","dckj","hfjk","ggkk",NA,NA,NA,NA,NA,NA,NA,NA
"gckk","hckj","dckj","dbjj","ebjj","cckj","fgjk","cgkk",NA,NA,NA,NA,NA,NA,NA,NA,NA
"gckk","cdkj","edkk","cdjk","hckk","ffkj","cejk","cfjk","cgkk",NA,NA,NA,NA,NA,NA,NA,NA
"gckk","cfjk","cekk","iekk","cgjk","cgkj","hgkj","ifkj","hgjk","igkj","cgkk",NA,NA,NA,NA,NA,NA
"gckk","cdkj","fckj","eckj","cckk","efjk","dgkj","bckk","efkk","cgjk","egkj","cgkk",NA,NA,NA,NA,NA
"gckk","jckk","gfjk","hfkj","dgjk","fgkj","bfjk","cgkk",NA,NA,NA,NA,NA,NA,NA,NA,NA
"gckk","gdkk","hdjk","hckj","dgkk","ffkj","bekk","cgkk",NA,NA,NA,NA,NA,NA,NA,NA,NA
"gckk","cckj","eckj","efjj","dbjj","ffkj","fekk","cgkk",NA,NA,NA,NA,NA,NA,NA,NA,NA
"gckk","jcjk","gcjk","ickj","cckj","hfkk","ifkj","cgkk",NA,NA,NA,NA,NA,NA,NA,NA,NA
"gckk","icjk","cckk","gfjk","gekk","hfkj","hfjk","cgkk",NA,NA,NA,NA,NA,NA,NA,NA,NA
"gckk","ecjk","cckj","ggjk","gfkk","ifkj","gfkj","hgjk","fgkj","efkj","cgkk",NA,NA,NA,NA,NA,NA
"gckk","dfkj","gfjk","hfkj","fekj","cejk","cfjk","eejk","dgkj","dckk",NA,NA,NA,NA,NA,NA,NA
"gckk","fdkj","dbjj","ffkj","bekk","cgjk","egkj","fckj","hgkj","dckk",NA,NA,NA,NA,NA,NA,NA
"gckk","jfkk","dcjk","hckj","dfkk","cekk","iekk","ggjk","cdkk","dckk",NA,NA,NA,NA,NA,NA,NA
"gckk","bfkk","fekk","fgjk","hfjk","hekk","ifkj","gfkj","fekj","dckk",NA,NA,NA,NA,NA,NA,NA
"gckk","egjk","ffkk","igjk","gckj","ecjk","ddkk","dckk",NA,NA,NA,NA,NA,NA,NA,NA,NA
"gckk","gdkk","hdjk","hckj","dgkk","ffkj","ggkj","ddkk","dckk",NA,NA,NA,NA,NA,NA,NA,NA
"gckk","jckk","gfjk","cfkj","iekk","cejk","hfkk","dckk",NA,NA,NA,NA,NA,NA,NA,NA,NA
"gckk","bfkk","eejk","fgkk","ifkj","dcjk","igkk","dckk",NA,NA,NA,NA,NA,NA,NA,NA,NA
"gckk","cfjk","ffjk","gfjk","bfkk","dgkj","bckk","egkk","hckj","ccjk","dckk",NA,NA,NA,NA,NA,NA
"gckk","cgjk","cfkj","eckj","icjk","hckk","fcjk","dckk",NA,NA,NA,NA,NA,NA,NA,NA,NA
"gckk","ifkk","hfkj","iekk","cfjk","efkk","cdjk","dckk",NA,NA,NA,NA,NA,NA,NA,NA,NA
"gckk","jcjk","gcjk","ickj","cckj","eckj","ddkj","dckk",NA,NA,NA,NA,NA,NA,NA,NA,NA
"gckk","igjk","gfkk","egkj","cfjk","gfkj","ecjk","dckk","ickk","efjk","cdkk",NA,NA,NA,NA,NA,NA
"gckk","ifkk","ecjk","hfjk","hekk","hfkj","fekk","ffjk","eekk","dgkj","hcjk","cdjk","edkk","cdkk",NA,NA,NA
"gckk","cfkj","iekk","cejk","hfkk","cckk","efjk","fckj",NA,NA,NA,NA,NA,NA,NA,NA,NA
"gckk","dgkk","ffkj","fekk","dekk","dejk","cgjk","dckj","fckj",NA,NA,NA,NA,NA,NA,NA,NA
"gckk","hfjk","hekk","ifkj","hgjk","igkj","eckk","cckj","fckj",NA,NA,NA,NA,NA,NA,NA,NA
"gckk","hgkj","ifkj","dcjk","dgkk","bckk","efkk","fckj",NA,NA,NA,NA,NA,NA,NA,NA,NA
"gckk","dgjk","gfkk","hekk","cekk","cfjk","dckk","ccjk","fckj",NA,NA,NA,NA,NA,NA,NA,NA
"gckk","hcjk","cfkj","cekk","hekk","hgkk","ddkk","fckj",NA,NA,NA,NA,NA,NA,NA,NA,NA
"gckk","egjk","efkj","bekk","gekk","ifkj","dcjk","ccjk",NA,NA,NA,NA,NA,NA,NA,NA,NA
"gckk","cdkj","edkk","cdjk","hckk","hcjk","cfkj","iekk","cgjk","cgkj","gekk","ggkj",NA,NA,NA,NA,NA
"gckk","cckj","eckj","gckj","ifkk","dcjk","ickk","ggkj",NA,NA,NA,NA,NA,NA,NA,NA,NA
"gckk","eckj","gfkk","bekk","cfjk","gfkj","cejk","ggkj",NA,NA,NA,NA,NA,NA,NA,NA,NA
"gckk","gcjk","gfkj","fekj","dekk","dejk","cgjk","fgkk","ggkj",NA,NA,NA,NA,NA,NA,NA,NA
"gckk","hcjk","igkk","hgkk","gejk","bekk","cgjk","egkj","dgkk",NA,NA,NA,NA,NA,NA,NA,NA
"gckk","ggjk","gfkk","hekk","ifkj","hgjk","igkj","dgkk",NA,NA,NA,NA,NA,NA,NA,NA,NA
"gckk","gcjk","ickj","dfkk","bcjk","fgkj","efkj","dekk","iekk","dgkk",NA,NA,NA,NA,NA,NA,NA
"gckk","dckj","dbjj","ffkj","bekk","ggkk","gekj","dgkk",NA,NA,NA,NA,NA,NA,NA,NA,NA
"gckk","egkk","cfkj","eckj","dckj","hfjk","hfkk","ifkj","dgkk",NA,NA,NA,NA,NA,NA,NA,NA
"gckk","icjk","hgkk","ifkj","ifjk","cfkk","efkj","eekk","dgkk",NA,NA,NA,NA,NA,NA,NA,NA
"gckk","gfjk","hfkj","fekk","cfjk","dckk","dfjk","hgkj","dgkk",NA,NA,NA,NA,NA,NA,NA,NA
"gckk","ecjk","gckj","dfkk","dfjk","hfkj","hfjk","fckj","dgkk",NA,NA,NA,NA,NA,NA,NA,NA
"gckk","jcjk","gcjk","gfjk","cfkj","cfjk","ffjk","eekk","dfkj","cgkj","hgkj","ifkj","dfjk","bckk","egkk","bfkj","dgkk"
"gckk","dfkj","gfjk","cdkk","ffkj","egkk","fgjk","fckk",NA,NA,NA,NA,NA,NA,NA,NA,NA
"gckk","icjk","dckk","eckk","cckj","fgjk","egkj","fckk",NA,NA,NA,NA,NA,NA,NA,NA,NA
"gckk","jfkk","dcjk","hckj","dfkk","egkk","eekk","fckk",NA,NA,NA,NA,NA,NA,NA,NA,NA
"gckk","dcjk","eckk","ccjk","hfkj","gfkj","cejk","fckk",NA,NA,NA,NA,NA,NA,NA,NA,NA
"gckk","gcjk","ickj","dgjk","fgkj","ggjk","gekk","cfkj","cekk","cekj","fckk",NA,NA,NA,NA,NA,NA
"gckk","fdkj","ebjj","cckj","eckj","cfkj","iekk","cejk","cekk","fckk",NA,NA,NA,NA,NA,NA,NA
"gckk","bgjk","efkk","bfkk","eejk","dgkj","gfkj","hgjk","fckk",NA,NA,NA,NA,NA,NA,NA,NA
"gckk","cgjk","cfkj","eckj","efjj","dbjj","ffkj","fekk","ffjk","gfjk","hfkj","fckk",NA,NA,NA,NA,NA
"gckk","bgkk","cekk","iekk","cgjk","cgkj","gcjk","fckk",NA,NA,NA,NA,NA,NA,NA,NA,NA
"gckk","hfkk","fekj","cejk","cfjk","efkk","eekk","fckk",NA,NA,NA,NA,NA,NA,NA,NA,NA
"gckk","jfkk","hfjk","hekk","ifkj","hgjk","dgjk","fckk",NA,NA,NA,NA,NA,NA,NA,NA,NA
"gckk","egkk","eejk","fgkk","ifkj","dcjk","dckj","eckj","fckk",NA,NA,NA,NA,NA,NA,NA,NA
"gckk","ifkj","hgjk","gfkj","cekk","hekk","bfkk","eekk","cfkk",NA,NA,NA,NA,NA,NA,NA,NA
"gckk","gdjk","hdkk","hcjk","dgkk","hgkj","fekj","cfkk",NA,NA,NA,NA,NA,NA,NA,NA,NA
"gckk","gdkk","hdjk","hckj","dgkk","igkk","dfjk","cfkk",NA,NA,NA,NA,NA,NA,NA,NA,NA
"gckk","cdkj","dcjk","hckj","fcjk","gfkk","hekk","cfkk",NA,NA,NA,NA,NA,NA,NA,NA,NA
"gckk","dckj","hfjk","gfkk","bekk","cfjk","eejk","cfkk",NA,NA,NA,NA,NA,NA,NA,NA,NA
"gckk","dgjk","fgkj","cfjk","ffjk","gekk","hgkj","cfkk",NA,NA,NA,NA,NA,NA,NA,NA,NA
"gckk","ecjk","dckj","cgjk","cgkj","gfkk","gejk","cfkk",NA,NA,NA,NA,NA,NA,NA,NA,NA
"gckk","icjk","dgkk","bcjk","fgkj","bfjk","cgkj","hgkj","fekk","dekj","cfkk",NA,NA,NA,NA,NA,NA
"gckk","eckj","fckj","ecjk","cdkk","ffkj","bfkk","hgjk",NA,NA,NA,NA,NA,NA,NA,NA,NA
"gckk","jfkk","dcjk","hckj","fcjk","gfjk","cfkj","cekk","hgjk",NA,NA,NA,NA,NA,NA,NA,NA
"gckk","cckj","eckj","cfkj","cfjk","ffjk","dfkk","bcjk","fgkj","hgjk",NA,NA,NA,NA,NA,NA,NA
"gckk","igkj","hfjk","cfkk","fekk","bekk","gekk","hgkj","hgjk",NA,NA,NA,NA,NA,NA,NA,NA
"gckk","cfjk","cekk","iekk","cgjk","egkj","fckj","hgkj","fekj","hgjk",NA,NA,NA,NA,NA,NA,NA
"gckk","cgkj","bekk","cgjk","dckj","ifkk","gfjk","bfkk","hgjk",NA,NA,NA,NA,NA,NA,NA,NA
"gckk","bfjk","gfkj","fekj","dekk","dejk","cgjk","dgkk","hcjk","fckj","edkj","hgjk",NA,NA,NA,NA,NA
"gckk","gfjk","ifkj","hekk","bekk","cgjk","dckj","dbjj","ffkj","fekk","fgjk","eekk","efkk",NA,NA,NA,NA
"gckk","ccjk","igkj","gckj","ecjk","cfkk","hejk","efkk",NA,NA,NA,NA,NA,NA,NA,NA,NA
"gckk","dcjk","ifkk","ecjk","cckj","eckj","fckj","ffjk","eekk","efkk",NA,NA,NA,NA,NA,NA,NA
"gckk","icjk","cckk","efjk","dgkj","hcjk","cfkj","cfjk","ffjk","hfjk","bfkk","eekk","efkk",NA,NA,NA,NA
"gckk","bfjk","gfkj","ifkk","gfjk","hfkj","fekj","dekk","dejk","cgjk","egkj","efkk",NA,NA,NA,NA,NA
"gckk","cgjk","cekk","hekk","ifkj","dfjk","egkj","bckj","efkk",NA,NA,NA,NA,NA,NA,NA,NA
"gckk","igjk","gckj","dgjk","egkk","bekk","gfkk","fekk","dekk","efkk",NA,NA,NA,NA,NA,NA,NA
"gckk","jckk","gfjk","gfkj","cekk","dekk","dfjk","hgkj","efkk",NA,NA,NA,NA,NA,NA,NA,NA
"gckk","cckk","dfjk","cekk","dfkj","cgkj","fgjk","dgkj","efkk",NA,NA,NA,NA,NA,NA,NA,NA
"gckk","dcjk","hckj","dfkk","ifkj","hekk","hfkj","iekk","ffkk",NA,NA,NA,NA,NA,NA,NA,NA
"gckk","fcjk","dgkk","bcjk","fgkj","bfjk","cgkj","ffkk",NA,NA,NA,NA,NA,NA,NA,NA,NA
"gckk","efjk","hgkk","hfkj","fekj","dekk","iekj","ffkk",NA,NA,NA,NA,NA,NA,NA,NA,NA
"gckk","ifkk","cfkj","efkk","cgkj","hgkj","iekk","ffkk",NA,NA,NA,NA,NA,NA,NA,NA,NA
"gckk","eckj","cfkj","cfkk","cekk","iekk","ggjk","cckj","hckk","dgkj","ffkk",NA,NA,NA,NA,NA,NA
"gckk","dgkk","bckk","efkk","bfjk","gfkj","bekk","gekk","dekk","dfjk","egkj","ffkk",NA,NA,NA,NA,NA
"gckk","ffkj","bekk","cgjk","cfkj","eckj","gckj","dfjk","hfkj","hekk","ifkj","dcjk","ickk","gfjk","cdkk","gdjk","ffkk"
"gckk","bgjk","eekk","cfkj","ggkk","gejk","bfkj","ffkk",NA,NA,NA,NA,NA,NA,NA,NA,NA
"gckk","hgjk","ffkj","cejk","cfjk","eejk","dgkj","hcjk","hdkk",NA,NA,NA,NA,NA,NA,NA,NA
"gckk","fcjk","hfkj","iekk","dfkk","ickk","gdkk","hdkk",NA,NA,NA,NA,NA,NA,NA,NA,NA
"gckk","igkk","hekk","hfkj","iekk","cgjk","cfkj","eckj","cckj",NA,NA,NA,NA,NA,NA,NA,NA
"gckk","hfjk","hekk","ifkj","hgjk","fgkj","cgjk","ggkj","ffkj","cckj",NA,NA,NA,NA,NA,NA,NA
"gckk","cdkk","ffkj","cejk","cfjk","gfkj","fejk","ggkk","gckj","cckj",NA,NA,NA,NA,NA,NA,NA
"gckk","ffjk","dfkk","bcjk","fgkj","fgjk","egkj","fckj","ifkk","ggjk",NA,NA,NA,NA,NA,NA,NA
"gckk","jckk","gfjk","ifkj","hgjk","hfkk","hekk","ggjk",NA,NA,NA,NA,NA,NA,NA,NA,NA
"gckk","cdkk","hckk","fgkj","cgjk","cgkj","bgkk","ggjk",NA,NA,NA,NA,NA,NA,NA,NA,NA
"gckk","igjk","dgkj","gfkj","hfkk","dfkj","jckj","ggjk",NA,NA,NA,NA,NA,NA,NA,NA,NA
"gckk","jfkk","dcjk","ifkk","ecjk","cckj","eckj","egkk","bekk","hfkk",NA,NA,NA,NA,NA,NA,NA
"gckk","ickj","dfkk","egkk","egjk","efkj","bekk","gekk","hfkk",NA,NA,NA,NA,NA,NA,NA,NA
"gckk","fdkj","dbjj","eckj","icjk","hgkk","ifkj","hfkk",NA,NA,NA,NA,NA,NA,NA,NA,NA
"gckk","gdkk","hdkk","hckj","dfkk","ffjk","eekk","hfkk",NA,NA,NA,NA,NA,NA,NA,NA,NA
"gckk","jfkk","hfjk","hekk","hfkj","dgjk","fgkj","bfjk","cgkj","hfkk",NA,NA,NA,NA,NA,NA,NA
"gckk","gcjk","ickj","cckj","dckk","cfjk","ffjk","gekk","hfkk",NA,NA,NA,NA,NA,NA,NA,NA
"gckk","hckk","fgkj","efkj","bejk","gekk","hgkj","hfkk",NA,NA,NA,NA,NA,NA,NA,NA,NA
"gckk","ecjk","gckj","dfkk","gfjk","gekk","hfkj","hfjk","hfkk",NA,NA,NA,NA,NA,NA,NA,NA
"gckk","gfjk","ifkj","hekk","bekk","cgjk","egkj","cfjk","efkk","cgkj","hgkj","fekj","dekk","egkk",NA,NA,NA
"gckk","jfkk","dcjk","ifkk","igkj","fgkj","ggkj","fekk","egkk",NA,NA,NA,NA,NA,NA,NA,NA
"gckk","jckk","gfjk","cfkj","cekk","hfkj","fekk","bekk","egkk",NA,NA,NA,NA,NA,NA,NA,NA
"gckk","gdkk","hdjk","hckj","dgkk","dfkk","ifkj","gfkj","bekk","gekk","bfkj","egkk",NA,NA,NA,NA,NA
"gckk","bgkk","gfkj","fekk","dekk","dfjk","bckk","egkk",NA,NA,NA,NA,NA,NA,NA,NA,NA
"gckk","gdkj","gckj","gcjk","fcjk","hgkk","gejk","egkk",NA,NA,NA,NA,NA,NA,NA,NA,NA
"gckk","ggjk","bfkk","fekk","cfkj","efkk","ifkk","dfjk","egkj","egkk",NA,NA,NA,NA,NA,NA,NA
"gckk","bgjk","efkk","bfjk","cgkj","gfkj","hfjk","cckk","fgkj","egkk",NA,NA,NA,NA,NA,NA,NA
"gckk","fdkj","dbjj","ffkj","fekk","ffjk","gfjk","ggjk","fckj","egkk",NA,NA,NA,NA,NA,NA,NA
"gckk","hckj","ccjk","hfkj","gfkj","dfkk","bckk","egkk",NA,NA,NA,NA,NA,NA,NA,NA,NA
"gckk","cfkj","iekk","cgjk","egkj","fckj","hckk","gdkk",NA,NA,NA,NA,NA,NA,NA,NA,NA
"gckk","ifkk","hfkj","iekk","ggjk","cdkk","edkj","cdkj","gdkk",NA,NA,NA,NA,NA,NA,NA,NA
"gckk","ccjk","hfkj","fekj","cejk","cfjk","efkk","gckj","jfkk","dcjk","ickk","gdkk",NA,NA,NA,NA,NA
"gckk","efkj","bekk","gekk","hfkj","iekk","ggjk","dckj",NA,NA,NA,NA,NA,NA,NA,NA,NA
"gckk","egjk","efkj","dekk","egkk","bfkj","fgkk","icjk","dckj",NA,NA,NA,NA,NA,NA,NA,NA
"gckk","bfkk","fekk","dfkk","ifkj","gfkj","ecjk","gckj","cckk","fckj","dckj",NA,NA,NA,NA,NA,NA
"gckk","bgkk","gfkj","cejk","hfkk","hfkj","igkk","dcjk","ickk","dckj",NA,NA,NA,NA,NA,NA,NA
"gckk","efjk","dgkj","ifkk","hfkj","fekj","ffjk","efjj","dckj",NA,NA,NA,NA,NA,NA,NA,NA
"gckk","ecjk","hfjk","hekk","hfkj","iejk","cgjk","cgkj","fgjk",NA,NA,NA,NA,NA,NA,NA,NA
"gckk","ffjk","hfjk","bfkk","cfjk","gfkj","fekj","dekk","cfkj","eckj","gckj","dgjk","fgkj","ggkj","fgjk",NA,NA
"gckk","ggjk","gekk","hfkj","iekk","cfjk","ffjk","ifjk","fgjk",NA,NA,NA,NA,NA,NA,NA,NA
"gckk","ffjk","gfjk","hfkj","fekk","bekk","cgjk","fgjk",NA,NA,NA,NA,NA,NA,NA,NA,NA
"gckk","gfjk","ifkj","hekk","bekk","cfjk","dckk","igjk","gckj",NA,NA,NA,NA,NA,NA,NA,NA
"gckk","gcjk","ickj","cckj","ggjk","fgkk","eekj","gckj",NA,NA,NA,NA,NA,NA,NA,NA,NA
"gckk","fdkj","dbjj","ffkj","bekk","gekk","hfkj","gckj",NA,NA,NA,NA,NA,NA,NA,NA,NA
"gckk","gfkj","fekj","dekk","dejk","cgjk","dckj","gckj",NA,NA,NA,NA,NA,NA,NA,NA,NA
"gckk","gfjk","gfkj","cfjk","efkk","cgkj","gcjk","gckj",NA,NA,NA,NA,NA,NA,NA,NA,NA
"gckk","cfkj","cekk","gfkk","ifkj","gcjk","ccjk","gckj",NA,NA,NA,NA,NA,NA,NA,NA,NA
"gckk","igjk","gfkk","ffjk","hgjk","fgkj","ccjk","gcjk","fcjk","gckj",NA,NA,NA,NA,NA,NA,NA
"gckk","ecjk","gckj","dfkk","cekk","dekk","iekj","dgkj",NA,NA,NA,NA,NA,NA,NA,NA,NA
"gckk","dfjk","hfkj","hekk","dfkk","bcjk","fgkj","efkj","bekk","dgkj",NA,NA,NA,NA,NA,NA,NA
"gckk","hckj","dfkk","hcjk","fckj","hgkj","fekj","bfkk","dgkj",NA,NA,NA,NA,NA,NA,NA,NA
"gckk","cdkk","ffkj","bekk","dgkk","ifkk","gckj","dgkj",NA,NA,NA,NA,NA,NA,NA,NA,NA
"gckk","ggjk","gekk","cejk","cfjk","ffjk","eekk","dfkj","hckk","hcjk",NA,NA,NA,NA,NA,NA,NA
"gckk","cfkk","ffkj","cckj","ggjk","cdkk","gdjk","hdkk","hcjk",NA,NA,NA,NA,NA,NA,NA,NA
"gckk","fgjk","bgkk","cekk","hekk","bfkk","fekk","hcjk",NA,NA,NA,NA,NA,NA,NA,NA,NA
"gckk","cfkj","eckj","efjj","dbjj","ebjj","cckj","fgjk","eekk","hcjk",NA,NA,NA,NA,NA,NA,NA
"gckk","cfjk","gfkj","fekj","dekk","dejk","cgjk","dgkk","bcjk","fgkj","efkk","eekk","dgkj","hcjk",NA,NA,NA
"gckk","icjk","dckk","ecjk","cdkk","gdkk","hdkk","hcjk",NA,NA,NA,NA,NA,NA,NA,NA,NA
"gckk","dgkj","bckk","egkk","ickk","gdkk","idkk","hcjk",NA,NA,NA,NA,NA,NA,NA,NA,NA
"gckk","dgkk","dfkk","ifkj","hekk","hfkj","iekk","cgjk",NA,NA,NA,NA,NA,NA,NA,NA,NA
"gckk","ecjk","hfjk","hekk","ifkj","hgjk","ffkj","fekk","dekk","dejk","cgjk",NA,NA,NA,NA,NA,NA
"gckk","gckj","dfjk","hgkj","iekk","dgkk","bcjk","fgkj","cgjk",NA,NA,NA,NA,NA,NA,NA,NA
"gckk","gcjk","gfjk","cfkj","iekk","cejk","hfkk","cgjk",NA,NA,NA,NA,NA,NA,NA,NA,NA
"gckk","jfkk","dcjk","ifkk","igkj","fgkj","bfjk","cgkj","bgkk","cgjk",NA,NA,NA,NA,NA,NA,NA
"gckk","cckj","eckj","cfkj","cfjk","eejk","dgkj","ifkk","hgjk","fgkj","efkj","bejk","gekk","hgkj","fekk","cgjk",NA
"gckk","hcjk","igkk","hgkk","fekj","cfkk","cekj","cgjk",NA,NA,NA,NA,NA,NA,NA,NA,NA
"gckk","bdkk","fckk","fgkj","cfjk","cekk","hfkj","gekk","cgjk",NA,NA,NA,NA,NA,NA,NA,NA
"gckk","ccjk","hfkj","iejk","cgjk","cfkj","eckj","cdkj","edkk",NA,NA,NA,NA,NA,NA,NA,NA
"gckk","cckk","hfkj","iekk","cfjk","ffjk","ifjk","dfkk","egkk","egjk","cdjk","edkk",NA,NA,NA,NA,NA
"gckk","ccjk","hfkj","iejk","cgjk","cfkj","eckj","efjj","dbjj","ffkj","bfkk","gfkk",NA,NA,NA,NA,NA
"gckk","dckk","fckj","hgkj","iekk","cejk","cekk","gfkk",NA,NA,NA,NA,NA,NA,NA,NA,NA
"gckk","hckk","fgjk","bekk","cgjk","cekk","hekk","bfkk","fekk","gfkk",NA,NA,NA,NA,NA,NA,NA
"gckk","jckk","gfjk","hfkj","fekj","bekk","cgkk","dekj","gfkk",NA,NA,NA,NA,NA,NA,NA,NA
"gckk","efkk","bfjk","gfkj","hgkk","gekk","bfkj","gfkk",NA,NA,NA,NA,NA,NA,NA,NA,NA
"gckk","fdkk","efkk","cfkj","dckk","hfkj","gekk","bekj","gfkk",NA,NA,NA,NA,NA,NA,NA,NA
"gckk","icjk","gcjk","ickj","dfkk","bcjk","fgkj","bfjk","gfkk",NA,NA,NA,NA,NA,NA,NA,NA
"gckk","hcjk","gfkj","fekj","ffjk","gfjk","cfkj","efkk","gfkk",NA,NA,NA,NA,NA,NA,NA,NA
"gckk","ggjk","bfkk","dgkj","bckk","egkk","fgkj","ggkj","gfkk",NA,NA,NA,NA,NA,NA,NA,NA
"gckk","ccjk","dfkk","hgjk","fgkj","efkj","eekk","gfkk",NA,NA,NA,NA,NA,NA,NA,NA,NA
"gckk","dcjk","dgjk","fgkj","igjk","gckj","ecjk","cdkk","gfkk",NA,NA,NA,NA,NA,NA,NA,NA
"gckk","igkk","hekk","hfkj","iekk","cfjk","eejk","dgkj","bckk","egkk","fckj","igkj",NA,NA,NA,NA,NA
"gckk","egjk","efkj","dekk","dejk","cgjk","egkj","cfjk","ffjk","dfkk","ickk","igkj",NA,NA,NA,NA,NA
"gckk","hgjk","ffkj","cejk","cfjk","eejk","dgkj","egkj",NA,NA,NA,NA,NA,NA,NA,NA,NA
"gckk","ccjk","hfkj","iekk","cfjk","ffjk","cckj","egkj",NA,NA,NA,NA,NA,NA,NA,NA,NA
"gckk","cfjk","gfkj","fekj","dekk","dejk","cgjk","dckj","eckj","gckj","egkj",NA,NA,NA,NA,NA,NA
"gckk","gcjk","gfjk","hfkj","fekj","bekk","cfjk","efkk","ggkj","fejk","egkj",NA,NA,NA,NA,NA,NA
"gckk","fckj","ecjk","cckj","ggjk","fgkk","gejk","cekk",NA,NA,NA,NA,NA,NA,NA,NA,NA
"gckk","eckk","gckj","dgjk","fgkj","gfkj","fekj","dekk","cekk",NA,NA,NA,NA,NA,NA,NA,NA
"gckk","ifkj","ifjk","dfkk","ffkk","efkj","dekk","cekk",NA,NA,NA,NA,NA,NA,NA,NA,NA
"gckk","gckj","ecjk","cfkk","hekk","ifkj","gfkj","fejk","cekk",NA,NA,NA,NA,NA,NA,NA,NA
"gckk","cdkj","edkk","cdjk","hckk","ffkj","bekk","cgjk","cfkj","cekk",NA,NA,NA,NA,NA,NA,NA
"gckk","hckj","dckk","ifkk","gfjk","hfkj","fekk","cekk",NA,NA,NA,NA,NA,NA,NA,NA,NA
"gckk","jckk","dckk","icjk","gcjk","gfkj","bekk","cgkk","hekk","cekk",NA,NA,NA,NA,NA,NA,NA
"gckk","eckj","efjj","dbjj","ebjj","cckj","cfkk","eekk",NA,NA,NA,NA,NA,NA,NA,NA,NA
"gckk","gckj","ecjk","cgkk","dekj","cfkj","iekk","eekk",NA,NA,NA,NA,NA,NA,NA,NA,NA
"gckk","hgkj","iekk","cejk","cekk","hekk","bfkk","eekk",NA,NA,NA,NA,NA,NA,NA,NA,NA
"gckk","jfkk","dcjk","dgjk","fgkj","bekk","gfkk","eekk",NA,NA,NA,NA,NA,NA,NA,NA,NA
"gckk","cdkj","edkk","cdkk","dckj","eckj","cfkj","eekk",NA,NA,NA,NA,NA,NA,NA,NA,NA
"gckk","eckj","icjk","hckk","ickk","ccjk","ifkk","hgkj",NA,NA,NA,NA,NA,NA,NA,NA,NA
"gckk","fckj","ecjk","cfkk","eejk","dgkj","hcjk","gcjk","gfjk","gekk","hgkj",NA,NA,NA,NA,NA,NA
"gckk","ffkj","fekk","bekk","cgjk","egkj","fckk","gckj","hgkj",NA,NA,NA,NA,NA,NA,NA,NA
"gckk","gdjk","hdkk","gcjk","ccjk","hfkj","fgjk","hgkj",NA,NA,NA,NA,NA,NA,NA,NA,NA
"gckk","fdkk","ifkk","dcjk","cckk","fcjk","fgjk","hgkj",NA,NA,NA,NA,NA,NA,NA,NA,NA
"gckk","hckj","dckj","dbjj","ffkj","bekk","ggkk","hfjk",NA,NA,NA,NA,NA,NA,NA,NA,NA
"gckk","dgjk","fgkj","efkj","bejk","gekk","cekk","hfjk",NA,NA,NA,NA,NA,NA,NA,NA,NA
"gckk","cgjk","cekk","hfkj","fekj","bfkk","eekk","hfjk",NA,NA,NA,NA,NA,NA,NA,NA,NA
"gckk","ccjk","hfkj","gfkj","fekj","dekk","cfkj","eckj","fckj","edkj","hfjk",NA,NA,NA,NA,NA,NA
"gckk","dcjk","hckj","ccjk","dfkk","ifkj","gfkj","gfkk","edkk","hfjk",NA,NA,NA,NA,NA,NA,NA
"gckk","hckj","dckj","dbjj","ffkj","efkk","bfjk","gfkj","cfjk",NA,NA,NA,NA,NA,NA,NA,NA
"gckk","jfkk","dcjk","ifkk","dfkk","efkk","fekk","cfjk",NA,NA,NA,NA,NA,NA,NA,NA,NA
"gckk","gcjk","gfjk","hfkj","fekj","dekk","dejk","cfjk",NA,NA,NA,NA,NA,NA,NA,NA,NA
"gckk","ffjk","gekk","ifkj","dcjk","hckk","fgjk","cgkj","cfjk",NA,NA,NA,NA,NA,NA,NA,NA
"gckk","jckk","gfjk","gfkj","fekj","ffjk","eekk","dfkj","cfjk",NA,NA,NA,NA,NA,NA,NA,NA
"gckk","egjk","efkj","bekk","gekk","bfkj","fgkk","dgjk",NA,NA,NA,NA,NA,NA,NA,NA,NA
"gckk","gfkj","fekj","dekk","dejk","cgjk","egkj","fckj","dgjk",NA,NA,NA,NA,NA,NA,NA,NA
"gckk","cdkk","ffkj","bekk","cgjk","cfkj","eckj","gckj","ggjk","gekk","dgkj","ickk","dgjk",NA,NA,NA,NA
"gckk","fdkj","dbjj","ffkj","dfkk","ifkk","jekj","dgjk",NA,NA,NA,NA,NA,NA,NA,NA,NA
"gckk","fcjk","hfkj","iekk","dfkk","cfkj","hekj","dgjk",NA,NA,NA,NA,NA,NA,NA,NA,NA
"gckk","fcjk","hfkj","hekk","dfkk","ickk","fckj","hgkj","bgkk",NA,NA,NA,NA,NA,NA,NA,NA
"gckk","ecjk","gckj","dfkk","gfkk","fekk","dekk","bgkk",NA,NA,NA,NA,NA,NA,NA,NA,NA
"gckk","hckk","gckj","ifkk","gfjk","gfkj","cekk","bgkk",NA,NA,NA,NA,NA,NA,NA,NA,NA
"gckk","cdkj","edkk","cdjk","hckk","cfkk","cekj","bgkk",NA,NA,NA,NA,NA,NA,NA,NA,NA
"gckk","eckj","icjk","gcjk","gfjk","dfkk","dfjk","hfkj","bgkk",NA,NA,NA,NA,NA,NA,NA,NA
"gckk","cckj","eckj","cfkj","iekk","dfkk","cgkj","bgkk",NA,NA,NA,NA,NA,NA,NA,NA,NA
"gckk","cdkk","ffkj","bekk","gekk","hfkj","dgjk","fgkj","bfjk","bgkk",NA,NA,NA,NA,NA,NA,NA
"gckk","dcjk","hckj","ccjk","dfkk","cgjk","egkj","bgkk",NA,NA,NA,NA,NA,NA,NA,NA,NA
"gckk","dgkk","cekk","iekk","cgjk","dckj","eckj","gckj","dfjk","cgkj",NA,NA,NA,NA,NA,NA,NA
"gckk","ecjk","hfjk","hekk","ifkj","hgjk","ffkj","fekk","cgkj",NA,NA,NA,NA,NA,NA,NA,NA
"gckk","hckj","dfkk","bcjk","fgkj","bekk","gekk","cgkj",NA,NA,NA,NA,NA,NA,NA,NA,NA
"gckk","igkk","ggkj","iekk","cejk","cekk","cekj","cgkj",NA,NA,NA,NA,NA,NA,NA,NA,NA
"gckk","dcjk","dckj","hgjk","gekk","cgjk","egkj","cgkj",NA,NA,NA,NA,NA,NA,NA,NA,NA
"gckk","cdkj","edkk","cdjk","hckk","hcjk","cfkj","iekk","ggjk","bfkk","cgkj",NA,NA,NA,NA,NA,NA
"gckk","ccjk","igkj","hfjk","fckj","ecjk","cckj","eckj",NA,NA,NA,NA,NA,NA,NA,NA,NA
"gckk","egkk","eejk","dgkj","bckk","efkk","ffjk","hfjk","hekk","ifkj","dfjk","hgkj","dckj","eckj",NA,NA,NA
"gckk","cfkj","iekk","cejk","hfkk","igkj","eckk","eckj",NA,NA,NA,NA,NA,NA,NA,NA,NA
"gckk","jfkk","dcjk","hckj","dfkk","hcjk","ffkj","ebjj","eckj",NA,NA,NA,NA,NA,NA,NA,NA
"gckk","hgkj","iekk","dfkk","bcjk","fgkj","fgjk","eekk","eckj",NA,NA,NA,NA,NA,NA,NA,NA
"gckk","cdkj","edkk","cdjk","hckk","cckj","ffjj","eckj",NA,NA,NA,NA,NA,NA,NA,NA,NA
"gckk","egjk","efkj","bekk","gfkk","dgkj","hcjk","eckj",NA,NA,NA,NA,NA,NA,NA,NA,NA
"gckk","dgjk","egkk","eekk","dfkj","cekk","hfkj","hfjk","dckk","dckj","cbjj","eckj",NA,NA,NA,NA,NA
"gckk","gcjk","ickj","dfkk","bcjk","fgkj","bfjk","cgkj","gekk","bfkk",NA,NA,NA,NA,NA,NA,NA
"gckk","efjk","fckj","hgkj","fekj","cekk","ggkj","fgjk","bgkk","bfkk",NA,NA,NA,NA,NA,NA,NA
"gckk","ccjk","hgkj","iekk","dgkk","fgjk","egkj","bfkk",NA,NA,NA,NA,NA,NA,NA,NA,NA
"gckk","jfkk","dcjk","dgjk","gfkk","ifkk","hgjk","bfkk",NA,NA,NA,NA,NA,NA,NA,NA,NA
"gckk","fcjk","ecjk","cgkk","dekj","cfkj","eckj","fckj","ickk","ccjk","igkj","bfkk",NA,NA,NA,NA,NA
"gckk","dfjk","ifkk","gckj","ggjk","cgjk","ggkj","bfkk",NA,NA,NA,NA,NA,NA,NA,NA,NA
"gckk","hckj","dckj","ifkk","ecjk","gckj","dfkk","ffjk","eekk","dfkj","cgkj","bgkk","bfkk",NA,NA,NA,NA
"gckk","cckj","eckj","cfkj","cekk","iekk","cgjk","cgkj","hgkj","bfkk",NA,NA,NA,NA,NA,NA,NA
"gckk","ccjk","ifkk","cfkj","cfjk","cekk","hfkj","fgjk","bfkk",NA,NA,NA,NA,NA,NA,NA,NA
"gckk","fdkj","dbjj","eckj","gfkk","hekk","ifkk","hckk","fgkj","bfkk",NA,NA,NA,NA,NA,NA,NA
"gckk","fcjk","gckj","dfjk","hfkj","hekk","bekk","cgjk","bfkk",NA,NA,NA,NA,NA,NA,NA,NA
"gckk","hckj","dfkk","ifkj","hekk","hfkj","iejk","cgjk","hekj",NA,NA,NA,NA,NA,NA,NA,NA
"gckk","fckj","ecjk","cckj","ggjk","gekk","gfkj","hekj",NA,NA,NA,NA,NA,NA,NA,NA,NA
"gckk","hckk","ffkj","bekk","cgjk","cfkj","iekk","ggjk","bfkk","hekj",NA,NA,NA,NA,NA,NA,NA
"gckk","hcjk","ffkj","cejk","cfjk","eejk","dgkj","ifkk",NA,NA,NA,NA,NA,NA,NA,NA,NA
"gckk","fcjk","hfkj","iejk","cgjk","cgkk","dekk","dejk","ifkk",NA,NA,NA,NA,NA,NA,NA,NA
"gckk","cdkj","edkk","cdjk","hckk","cfkk","hejk","ifkk",NA,NA,NA,NA,NA,NA,NA,NA,NA
"gckk","hckj","dckj","dbjj","ffkj","bekk","ggkk","egkj","ifkk",NA,NA,NA,NA,NA,NA,NA,NA
"gckk","gdkk","fcjk","fgjk","bgkk","cekk","iekk","ggjk","gekk","ifkk",NA,NA,NA,NA,NA,NA,NA
"gckk","hckj","fckk","dfkj","cekk","hfkj","gekk","dejk","ifkk",NA,NA,NA,NA,NA,NA,NA,NA
"gckk","eckj","gckj","dfkk","ifkj","gfkj","fejk","ifkk",NA,NA,NA,NA,NA,NA,NA,NA,NA
"gckk","fdkj","dbjj","eckj","cckk","hfkj","hekk","ifkk",NA,NA,NA,NA,NA,NA,NA,NA,NA
"gckk","gdkk","hdkk","fcjk","dcjk","cckk","dfjk","cekk","ifkk",NA,NA,NA,NA,NA,NA,NA,NA
"gckk","efkj","cfkj","eckj","gfkk","ifkj","gcjk","hckk","fdkk","ifkk",NA,NA,NA,NA,NA,NA,NA
"gckk","hgjk","ffkj","fekk","dekk","iekk","cgjk","egkj","fckj","edkj","ifkk",NA,NA,NA,NA,NA,NA
"gckk","cdkk","dckk","hcjk","cfkj","cekk","dekk","dejk","ifkk",NA,NA,NA,NA,NA,NA,NA,NA
"gckk","icjk","dckk","ifkj","hekk","bfkk","fekk","dfkk",NA,NA,NA,NA,NA,NA,NA,NA,NA
"gckk","dcjk","hckj","ccjk","igkj","fgkj","hgjk","ifjk","dfkk",NA,NA,NA,NA,NA,NA,NA,NA
"gckk","cdkk","dckj","cgjk","cfkj","efkk","bfjk","dfkk",NA,NA,NA,NA,NA,NA,NA,NA,NA
"gckk","ccjk","hfkj","iejk","cgjk","ggkj","fejk","dfkk",NA,NA,NA,NA,NA,NA,NA,NA,NA
"gckk","gdjk","hdkk","hckj","dgkk","ifkk","hfkj","dfkk",NA,NA,NA,NA,NA,NA,NA,NA,NA
"gckk","fdkj","dbjj","eckj","gfkk","dfkj","cekk","dfkk",NA,NA,NA,NA,NA,NA,NA,NA,NA
"gckk","icjk","dgkk","bcjk","fgkj","bfjk","cgkj","bekk","dfkk",NA,NA,NA,NA,NA,NA,NA,NA
"gckk","gdkj","eckk","cgjk","cgkj","hgkj","fekj","cekk","hekk","dfkk",NA,NA,NA,NA,NA,NA,NA
"gckk","cdkj","edjk","cdjk","hckk","dfjk","hfkk","jekk","dfkk",NA,NA,NA,NA,NA,NA,NA,NA
"gckk","dckj","eckj","fckj","ffjk","eekk","dfkj","cgkj","dfkk",NA,NA,NA,NA,NA,NA,NA,NA
"gckk","ickk","ffkj","cekk","hfkj","fekk","bekk","cgjk","dfkk",NA,NA,NA,NA,NA,NA,NA,NA
"gckk","gcjk","dckj","cfjk","ffjk","cekk","dekk","dejk","cgjk","egkj","fckj","hgkj","dfkk",NA,NA,NA,NA
"gckk","cckk","hfkj","iejk","cgjk","cfkj","cfjk","gekk",NA,NA,NA,NA,NA,NA,NA,NA,NA
"gckk","jfkk","dcjk","ifkk","ecjk","cdkk","ffkj","efkk","bfjk","gekk",NA,NA,NA,NA,NA,NA,NA
"gckk","gcjk","gfjk","ifkj","ifjk","hgkk","fckj","gekk",NA,NA,NA,NA,NA,NA,NA,NA,NA
"gckk","jckk","gfjk","hfkj","iekk","cfjk","cgkk","gekk",NA,NA,NA,NA,NA,NA,NA,NA,NA
"gckk","cckk","gfjk","cfkj","cekk","hfkj","fekk","ffjk","bejk","gekk",NA,NA,NA,NA,NA,NA,NA
"gckk","dcjk","hckj","ccjk","hfkj","iejk","cgjk","cfkj","gfkj",NA,NA,NA,NA,NA,NA,NA,NA
"gckk","dcjk","cfjk","ffjk","ifjk","dfkk","cgkj","bgkk","gfkj",NA,NA,NA,NA,NA,NA,NA,NA
"gckk","dgkj","ifkk","ecjk","cdkk","ffkj","bfkk","gfkj",NA,NA,NA,NA,NA,NA,NA,NA,NA
"gckk","dckj","cfjk","cekk","iekk","ggjk","bfkk","fekk","ffjk","gfjk","ddkk","gfkj",NA,NA,NA,NA,NA
"gckk","hgjk","dckk","ecjk","cdkk","gdjk","hdkk","hckj",NA,NA,NA,NA,NA,NA,NA,NA,NA
"gckk","egjk","efkj","dekk","dejk","cgjk","dckj","hckj",NA,NA,NA,NA,NA,NA,NA,NA,NA
"gckk","dcjk","hckj","dfkk","ifkj","hekk","hfkj","iekk","ggjk","cckj","eckj","dfkj",NA,NA,NA,NA,NA
"gckk","gckj","dgjk","fgkj","bfjk","cgkj","gekk","ifkj","dcjk","ickk","dfkj",NA,NA,NA,NA,NA,NA
"gckk","ifjk","dfkk","bcjk","fgkj","efkj","dekk","iekk","dfkj",NA,NA,NA,NA,NA,NA,NA,NA
"gckk","egjk","efkj","bejk","gekk","gfkk","ifkj","gcjk","dckk","dfkj",NA,NA,NA,NA,NA,NA,NA
"gckk","ffjk","dfkk","efkk","fckj","eckj","efjj","dbjj","ffkj","dfkj",NA,NA,NA,NA,NA,NA,NA
"gckk","ggkj","cfkj","eckj","icjk","hckk","fcjk","hfkk","dfkj",NA,NA,NA,NA,NA,NA,NA,NA
"gckk","efkj","bekk","cgjk","cekk","hekk","ifkj","ifjk","ffjk",NA,NA,NA,NA,NA,NA,NA,NA
"gckk","gdjk","hdkk","hcjk","dgkk","bckk","efkk","eekk","ffjk",NA,NA,NA,NA,NA,NA,NA,NA
"gckk","cfjk","cekk","iekk","cgjk","dckj","hcjk","fckj","ffjk",NA,NA,NA,NA,NA,NA,NA,NA
"gckk","gfkk","hfkj","hgjk","igkj","gcjk","ickk","ffjk",NA,NA,NA,NA,NA,NA,NA,NA,NA
"gckk","cgkj","hgkj","iekk","ggjk","gekk","efkk","ffjk",NA,NA,NA,NA,NA,NA,NA,NA,NA
"gckk","dfkj","ifkk","dfjk","bfkk","dgkj","eckk","ffjk",NA,NA,NA,NA,NA,NA,NA,NA,NA
"gckk","ifjk","dfkk","ifkj","gfkj","eckk","gckj","ggjk","bfkk","gekk","dekk","jekj","ffjk",NA,NA,NA,NA
"gckk","ffjk","hfjk","hekk","ifkj","dfjk","bckk","egjk",NA,NA,NA,NA,NA,NA,NA,NA,NA
"gckk","eckj","efjj","dbjj","ebjj","cckj","fgjk","bekk","cfjk","cekk","hekk","bfkk","fekk","egjk",NA,NA,NA
"gckk","hfkk","hfkj","iekk","cfjk","efkk","cgkj","egjk",NA,NA,NA,NA,NA,NA,NA,NA,NA
"gckk","cgkj","bekk","cgjk","cekk","ifkk","hckk","ffkj","fekk","egjk",NA,NA,NA,NA,NA,NA,NA
"gckk","hgkj","iekk","cejk","cfjk","eejk","dgkj","bckk","egkk","cgkj","egjk",NA,NA,NA,NA,NA,NA
"gckk","gfkk","efkk","bfjk","gfkj","hgjk","dgjk","fgkj",NA,NA,NA,NA,NA,NA,NA,NA,NA
"gckk","fckj","ecjk","cckj","fgjk","bekk","gekk","fgkj",NA,NA,NA,NA,NA,NA,NA,NA,NA
"gckk","gcjk","ickj","dfkk","cfkj","eckj","efjj","dbjj","ffkj","fekk","fgkj",NA,NA,NA,NA,NA,NA
"gckk","jfkk","dcjk","ifkk","ffkk","ffkj","ebjj","fgkj",NA,NA,NA,NA,NA,NA,NA,NA,NA
"gckk","dgkj","gfkj","fejk","cekk","iekk","ggjk","gekk","efkk","fgkj",NA,NA,NA,NA,NA,NA,NA
"gckk","dfkj","gfjk","ifkj","hekk","bekk","cfjk","ffjk","eekk","dgkj","ickk","ffkj","fekk",NA,NA,NA,NA
"gckk","dfkk","ickk","gckj","ecjk","hfjk","gekk","fekk",NA,NA,NA,NA,NA,NA,NA,NA,NA
"gckk","dgkk","bcjk","fgkj","bfjk","cgkj","gekk","hfkj","iejk","fekk",NA,NA,NA,NA,NA,NA,NA
"gckk","ccjk","hgkj","iekk","cejk","cekk","hekk","fekk",NA,NA,NA,NA,NA,NA,NA,NA,NA
"gckk","hcjk","cfkj","cfjk","cekk","dekk","cgkj","bgkk","fekk",NA,NA,NA,NA,NA,NA,NA,NA
"gckk","fdkk","hgjk","dgkk","cekk","hfkj","gekk","fekk",NA,NA,NA,NA,NA,NA,NA,NA,NA
"gckk","ecjk","hckk","fgjk","bekk","gekk","bfkk","fekk","igjk",NA,NA,NA,NA,NA,NA,NA,NA
"gckk","cfjk","hgkk","gfjk","cdkk","edjk","cdjk","edkk","igjk",NA,NA,NA,NA,NA,NA,NA,NA
"gckk","icjk","dgkk","bckk","efkk","eekk","dfkj","igjk",NA,NA,NA,NA,NA,NA,NA,NA,NA
"gckk","efkj","bekk","gfkk","cekk","cfjk","dckk","ickk","igjk",NA,NA,NA,NA,NA,NA,NA,NA
"gckk","ffjk","eekk","cfkj","iekk","cgjk","egkj","fckk","dfjk",NA,NA,NA,NA,NA,NA,NA,NA
"gckk","hgjk","ffkj","bekk","cgjk","cfkj","cfjk","ffjk","gfjk","hfkj","fekj","dekk","dfjk",NA,NA,NA,NA
"gckk","fdkk","ifkk","hfkj","iekk","cejk","cekk","dfjk",NA,NA,NA,NA,NA,NA,NA,NA,NA
"gckk","gfjk","ifkj","hekk","bekk","cgjk","dckj","eckk","cdkj",NA,NA,NA,NA,NA,NA,NA,NA
"gckk","ccjk","hfkj","fekj","cejk","cfjk","cgkk","dekj","cfkj","eckj","cdkj",NA,NA,NA,NA,NA,NA
"gckk","icjk","dckk","ifkj","hekk","hfkj","fekk","cfkj",NA,NA,NA,NA,NA,NA,NA,NA,NA
"gckk","hgjk","igkj","hfjk","hekk","ifkj","dfjk","hfkj","iejk","cgjk","cfkj",NA,NA,NA,NA,NA,NA
"gckk","ccjk","hfkj","iekk","cfjk","eejk","dgkj","bckk","egkk","egjk","efkj","cfkj",NA,NA,NA,NA,NA
"gckk","dckj","ifkk","gfjk","gfkj","cekk","dekk","cfkj",NA,NA,NA,NA,NA,NA,NA,NA,NA
"gckk","fdkj","dbjj","ffkj","cekk","iekk","cgjk","egkj","cfkj",NA,NA,NA,NA,NA,NA,NA,NA
"gckk","cfjk","ffjk","dfkk","igkk","efkk","bgkk","cfkj",NA,NA,NA,NA,NA,NA,NA,NA,NA
"gckk","hckj","dckj","dbjj","ebjj","cckj","fgjk","fgkk","bejk",NA,NA,NA,NA,NA,NA,NA,NA
"gckk","ecjk","hfjk","hekk","ifkj","gcjk","ickj","dgjk","egkk","gfjk",NA,NA,NA,NA,NA,NA,NA
"gckk","dckj","dbjj","ebjj","cckj","fgjk","bekk","gfjk",NA,NA,NA,NA,NA,NA,NA,NA,NA
"gckk","cckj","eckj","efjj","dbjj","ffkj","cejk","cfjk","eejk","dgkj","igkk","gfjk",NA,NA,NA,NA,NA
"gckk","fgkj","dfkj","dfkk","fckk","hfkj","hekk","bekk","gfjk",NA,NA,NA,NA,NA,NA,NA,NA
"gckk","ggjk","bfkk","fekk","dfkj","ifkk","igkj","gfjk",NA,NA,NA,NA,NA,NA,NA,NA,NA
"gckk","ffjk","hfjk","hekk","ifkj","dfjk","hgkj","fekj","efjk",NA,NA,NA,NA,NA,NA,NA,NA
"gckk","hcjk","ffkj","cejk","cfjk","ffjk","eekk","dfkj","ifkk","efjk",NA,NA,NA,NA,NA,NA,NA
"gckk","ccjk","hfkj","iejk","cgjk","cfkj","eckj","cckk","efjk",NA,NA,NA,NA,NA,NA,NA,NA
"gckk","gfjk","cfkj","iekk","cgjk","egkj","fckj","eckj","efjk",NA,NA,NA,NA,NA,NA,NA,NA
"gckk","fckj","ecjk","cckj","ggjk","bfkk","fekk","fgjk","ifjk",NA,NA,NA,NA,NA,NA,NA,NA
"gckk","ifkj","hekk","bfkk","gekk","dekk","iekk","ifjk",NA,NA,NA,NA,NA,NA,NA,NA,NA
"gckk","hfjk","gekk","cfkj","eckj","efjj","dbjj","ffkj","fekk","fgjk","bgkk","efkj",NA,NA,NA,NA,NA
"gckk","cdkj","edkk","cdkk","ffkj","cejk","cfjk","eejk","dgkj","ifkk","igkj","fgkj","fgjk","egkj","bckj","efkj",NA
"gckk","dfjk","bckk","egkk","ickk","ffkj","dfjj","efkj",NA,NA,NA,NA,NA,NA,NA,NA,NA
"gckk","gfkj","fekj","ffjk","eekk","fgjk","cgkj","hgkj","ifkj","dfjk","egkj","fckj","eckj","efkj",NA,NA,NA
"gckk","ffjk","hfjk","hekk","ifkj","dfjk","hgkj","iekk","ggjk","cdkk","ffkj","ggkj","ecjk",NA,NA,NA,NA
"gckk","ifjk","dfkk","ccjk","hfkj","iejk","cgjk","egkj","fckj","gckj","ecjk",NA,NA,NA,NA,NA,NA
"gckk","egjk","efkj","dekk","dejk","cgjk","dgkk","ggkk","ecjk",NA,NA,NA,NA,NA,NA,NA,NA
"gckk","dckj","dbjj","ebjj","cckj","fgjk","egkk","egjk","cdjk",NA,NA,NA,NA,NA,NA,NA,NA
"gckk","cfkj","iekk","cejk","hfkk","hgkk","efjk","cdjk",NA,NA,NA,NA,NA,NA,NA,NA,NA
"gckk","dckj","dbjj","ebjj","cckj","fgjk","gfkk","edjk",NA,NA,NA,NA,NA,NA,NA,NA,NA
"gckk","hfkk","hfkj","iekk","cfjk","efkk","cdkj","edjk",NA,NA,NA,NA,NA,NA,NA,NA,NA
"gckk","dgkk","ffkj","ggkj","iekk","cfjk","gfkj","fekj","dekk","bfjk",NA,NA,NA,NA,NA,NA,NA
"gckk","eckj","efjj","dbjj","ffkj","bekk","ggkk","bfjk",NA,NA,NA,NA,NA,NA,NA,NA,NA
"gckk","hcjk","ffkj","cejk","cfjk","ffjk","ggkk","jfkk","dcjk","ickk","dfjk","bckk",NA,NA,NA,NA,NA
"gckk","fcjk","hfkj","iekk","dfkk","efkk","bgkk","bfkj",NA,NA,NA,NA,NA,NA,NA,NA,NA
"gckk","fckj","dckj","dbjj","ffkj","fekk","fgjk","bgkk","bgjk",NA,NA,NA,NA,NA,NA,NA,NA
"gckk","fcjk","hfkj","iekk","dfkk","bcjk","fgkj","bgjk",NA,NA,NA,NA,NA,NA,NA,NA,NA
"gckk","icjk","cckk","hgkj","iekk","cejk","cekk","bgjk",NA,NA,NA,NA,NA,NA,NA,NA,NA
"gckk","hckj","fcjk","hfkj","iejk","cgjk","cgkj","hgkj","gejk",NA,NA,NA,NA,NA,NA,NA,NA
"gckk","egkk","eejk","dgkj","bckk","efkk","ffjk","hfkk","gejk",NA,NA,NA,NA,NA,NA,NA,NA
"gckk","gcjk","ickj","dgjk","fgkj","bfjk","cgkj","bgkk","gejk",NA,NA,NA,NA,NA,NA,NA,NA
"gckk","hgjk","ffkj","fekk","bekk","cgjk","egkj","fckj","gejk",NA,NA,NA,NA,NA,NA,NA,NA
"gckk","dckk","ickj","cckj","ggjk","gekk","bfkj","gejk",NA,NA,NA,NA,NA,NA,NA,NA,NA
"gckk","ffjk","hfjk","hekk","ifkj","dfjk","hgkj","iekk","ggjk","cdkk","hdkj",NA,NA,NA,NA,NA,NA
"gckk","dfkk","dckk","ecjk","cdkk","edkj","cdkj","hdkj",NA,NA,NA,NA,NA,NA,NA,NA,NA
"gckk","hgjk","ffkj","cejk","cfjk","ffjk","gfjk","hdkk","hdkj",NA,NA,NA,NA,NA,NA,NA,NA
"gckk","dckj","dbjj","ebjj","cckj","fgjk","bekk","gekk","cekj",NA,NA,NA,NA,NA,NA,NA,NA
"gckk","dgkk","bcjk","fgkj","bfjk","cgkj","gekk","cekj",NA,NA,NA,NA,NA,NA,NA,NA,NA
"gckk","hgjk","ffkj","cckj","gcjk","gfjk","cdkk","ddkk",NA,NA,NA,NA,NA,NA,NA,NA,NA
"gckk","egkk","eejk","dgkj","bckk","efkk","ggkj","ddkk",NA,NA,NA,NA,NA,NA,NA,NA,NA
"gckk","ccjk","hfkj","iejk","cgjk","cfkj","eckj","efjj","dbjj","ebjj","cckj","ggjk","cdkk","ddkk",NA,NA,NA
"gckk","fckj","ecjk","hfjk","hekk","ifkj","dfjk","hfkj","iekk","cgjk","ggkj","ddkk",NA,NA,NA,NA,NA
"gckk","fgkj","bekk","gekk","hfkj","hfjk","fckj","ickk","gdkk","hdkk","hdjk",NA,NA,NA,NA,NA,NA
"gckk","hckk","ffkj","bekk","cfjk","gfkj","fekj","dekk",NA,NA,NA,NA,NA,NA,NA,NA,NA
"gckk","igkk","hekk","bekk","cgjk","cfkj","cfjk","ffjk","gekk","dejk","dekk",NA,NA,NA,NA,NA,NA
"gckk","gckj","ecjk","hgkk","ifkj","hgjk","ifjk","cfkk","dekk",NA,NA,NA,NA,NA,NA,NA,NA
"gckk","dckj","dbjj","ffkj","dfkk","ggkk","hekj","dekk",NA,NA,NA,NA,NA,NA,NA,NA,NA
"gckk","cdkk","ffkj","bfkk","eejk","fgkk","ifkk","jejk","dekk",NA,NA,NA,NA,NA,NA,NA,NA
"gckk","fcjk","eckk","dgkj","ifkk","igkj","fgkj","dfkj","cekk","hekk","dekk",NA,NA,NA,NA,NA,NA
"gckk","gcjk","gfjk","cfkj","efkk","ffjk","ifjk","dekk",NA,NA,NA,NA,NA,NA,NA,NA,NA
"gckk","gcjk","ickj","cckj","ggjk","bfkk","eekk","dfkj","icjk",NA,NA,NA,NA,NA,NA,NA,NA
"gckk","fckj","ffjk","eekk","dgkj","bckk","egkk","bfkk","ggjk","cdkk","gdjk","hdkk","icjk",NA,NA,NA,NA
"gckk","dcjk","hckj","ccjk","hfkj","iejk","cgjk","cfkj","eckj","icjk",NA,NA,NA,NA,NA,NA,NA
"gckk","ecjk","hfjk","hekk","ifkj","hgjk","igkj","eckk","ggkj","ffkj",NA,NA,NA,NA,NA,NA,NA
"gckk","fckj","ecjk","cckj","fgjk","bekk","cgjk","cekk","hekk","bfkk","fekk","ffkj",NA,NA,NA,NA,NA
"gckk","fcjk","hfkj","iekk","dfkk","cfkj","eckj","ffkj",NA,NA,NA,NA,NA,NA,NA,NA,NA
"gckk","igkk","hekk","hfkj","fekj","dekk","dejk","cgjk","egkj","ffkj",NA,NA,NA,NA,NA,NA,NA
"gckk","jfkk","dcjk","eckk","cdkk","edjk","cdjk","ffkj",NA,NA,NA,NA,NA,NA,NA,NA,NA
"gckk","igjk","gfkk","hfkj","gfkj","ecjk","hckk","hcjk","ffkj",NA,NA,NA,NA,NA,NA,NA,NA
"gckk","egjk","efkj","dekk","iekk","cejk","hfkk","ffkj",NA,NA,NA,NA,NA,NA,NA,NA,NA
"gckk","ffjk","dfkk","ifkj","dfjk","hfkj","fekk","ffkj",NA,NA,NA,NA,NA,NA,NA,NA,NA
"gckk","dgjk","fgkj","efkj","bejk","gekk","hfkj","hfjk","ffkj",NA,NA,NA,NA,NA,NA,NA,NA
"gckk","fgjk","cfkj","cfjk","ffjk","ifjk","dfkk","ickk","ffkj",NA,NA,NA,NA,NA,NA,NA,NA
"gckk","fckj","ffjk","gfjk","hfkj","fgjk","efkk","ffkj",NA,NA,NA,NA,NA,NA,NA,NA,NA
"gckk","dgkj","gfkk","iejk","dgkk","ickk","efjk","ffkj",NA,NA,NA,NA,NA,NA,NA,NA,NA
"gckk","ifjk","gfkk","ifkj","gcjk","gfkj","cfjk","dckk","hfkj","ddjk","ffkj",NA,NA,NA,NA,NA,NA
"gckk","ffjk","hfjk","hekk","ifkj","dfjk","hgkj","iekk","cfjk","eejk","dgkj","hcjk","fdkk",NA,NA,NA,NA
"gckk","ecjk","hfjk","hekk","hfkj","iejk","cgjk","ggkj","gdjk",NA,NA,NA,NA,NA,NA,NA,NA
"gckk","cfkj","iekk","dfkk","gfjk","cdkk","edkj","cdkj","gdjk",NA,NA,NA,NA,NA,NA,NA,NA
"gckk","cfkk","ffkj","cckj","ggjk","gekk","gfkj","gdjk",NA,NA,NA,NA,NA,NA,NA,NA,NA
"gckk","gfjk","ifkj","hekk","ifkk","gckj","dgjk","egkk","egjk","efkj","bekk",NA,NA,NA,NA,NA,NA
"gckk","hckj","dckj","ifkk","ecjk","gckj","ggjk","bfkk","eekk","dfkj","cgkj","bekk",NA,NA,NA,NA,NA
"gckk","dgkk","igkj","gckj","dckj","hgjk","gekk","bekk",NA,NA,NA,NA,NA,NA,NA,NA,NA
"gckk","ccjk","igkj","hfjk","gekk","dekk","iekk","ffkk","fekj","bekk",NA,NA,NA,NA,NA,NA,NA
"gckk","ickj","dgjk","fgkj","bfjk","cgkj","gekk","bekk",NA,NA,NA,NA,NA,NA,NA,NA,NA
"gckk","cckk","efjk","dgkj","hcjk","dfkk","ffjk","bekk",NA,NA,NA,NA,NA,NA,NA,NA,NA
"gckk","ggjk","cgjk","cfkj","cfjk","ffjk","dfkk","egkk","fgkj","efkj","bekk",NA,NA,NA,NA,NA,NA
"gckk","dckj","dbjj","ebjj","cckj","fgjk","cgkj","hekk",NA,NA,NA,NA,NA,NA,NA,NA,NA
"gckk","egkk","eejk","dgkj","bckk","efkk","ffjk","gfjk","hekk",NA,NA,NA,NA,NA,NA,NA,NA
"gckk","cdkj","edkk","cdkk","dckj","hcjk","fckj","hekk",NA,NA,NA,NA,NA,NA,NA,NA,NA
"gckk","jfkk","dcjk","dgjk","fgkj","bfjk","cgkj","gekk","bfkj","hekk",NA,NA,NA,NA,NA,NA,NA
"gckk","icjk","dgkk","eckk","jckk","gfjk","bfkk","hekk",NA,NA,NA,NA,NA,NA,NA,NA,NA
"gckk","cckj","eckj","efjj","dbjj","ffkj","fekk","cejk","hekk",NA,NA,NA,NA,NA,NA,NA,NA
"gckk","fdkk","ifkk","cfkj","iekk","cgjk","cgkj","bgkk","hekk",NA,NA,NA,NA,NA,NA,NA,NA
"gckk","ecjk","hfjk","hekk","hfkj","iejk","cgjk","bgkj",NA,NA,NA,NA,NA,NA,NA,NA,NA
"gckk","ccjk","igkj","gckj","ecjk","cdkk","ffkj","ggkj","bgkj",NA,NA,NA,NA,NA,NA,NA,NA
"gckk","cdkj","edkk","cdjk","hckk","fgkk","gejk","bfkj","hfkj",NA,NA,NA,NA,NA,NA,NA,NA
"gckk","ickj","dfkk","bcjk","fgkj","fgjk","hfjk","hfkj",NA,NA,NA,NA,NA,NA,NA,NA,NA
"gckk","ffkj","fekk","bekk","cgjk","egkj","fckk","ecjk","hfkj",NA,NA,NA,NA,NA,NA,NA,NA
"gckk","dfkj","gfjk","ifkj","hekk","bekk","cfjk","eejk","dgkj","bcjj","ecjj","fdkj",NA,NA,NA,NA,NA
"gckk","cfkj","iekk","cgjk","cgkj","gfkj","fekk","eekj",NA,NA,NA,NA,NA,NA,NA,NA,NA
"gckk","ffjk","hfjk","hekk","ifkj","dfjk","efkk","eekj",NA,NA,NA,NA,NA,NA,NA,NA,NA
"gckk","hckj","ccjk","hgkj","iekk","cejk","cekk","hfkj","gekk","eekj",NA,NA,NA,NA,NA,NA,NA
"gckk","hckj","fcjk","ecjk","cckj","eckj","cfkj","ffkk","cejk",NA,NA,NA,NA,NA,NA,NA,NA
"gckk","cckk","hfkj","hekk","bfkk","cfjk","ffjk","cejk",NA,NA,NA,NA,NA,NA,NA,NA,NA
"gckk","ccjk","hfkj","iekk","cfjk","eejk","dgkj","ickk","ffkj","ggkj","fekj",NA,NA,NA,NA,NA,NA
"gckk","dcjk","hckj","dfkk","bcjk","fgkj","fgjk","bgkk","fekj",NA,NA,NA,NA,NA,NA,NA,NA
"gckk","cckk","hfkj","fekj","bekk","cgjk","cfkj","iekk","ggjk","cdkk","ffkj","egkk","egjk","efkj","bejk","gekj",NA
"gckk","dckj","dbjj","ffkj","bekk","gekk","hfkj","dgjk","fgkj","dfkj","jckj","gdkj",NA,NA,NA,NA,NA
"gckk","ecjk","hfjk","hekk","hfkj","iejk","cgjk","cfkj","hejk",NA,NA,NA,NA,NA,NA,NA,NA
"gckk","ccjk","hfkj","fekj","cejk","cfjk","cgkk","dekj","hejk",NA,NA,NA,NA,NA,NA,NA,NA
"gckk","dcjk","hckj","ccjk","dfkk","ifkj","gfkj","hejk",NA,NA,NA,NA,NA,NA,NA,NA,NA
"gckk","hckj","dfkk","bcjk","fgkj","fgjk","hfjk","gekk","ifkj",NA,NA,NA,NA,NA,NA,NA,NA
"gckk","dgjk","fgkj","bfjk","cgkj","gekk","dfkk","ifkj",NA,NA,NA,NA,NA,NA,NA,NA,NA
"gckk","cgjk","cfkj","iekk","cejk","hfkk","hfkj","hgjk","fgkj","igjk","ifkj",NA,NA,NA,NA,NA,NA
"gckk","egkk","eejk","dgkj","gfkj","fekj","dekk","iekk",NA,NA,NA,NA,NA,NA,NA,NA,NA
"gckk","fckj","ecjk","cckj","ggjk","gekk","cfkj","iekk",NA,NA,NA,NA,NA,NA,NA,NA,NA
"gckk","ecjk","hfjk","hekk","ifkj","dfjk","bckk","egkk","cgjk","dekj",NA,NA,NA,NA,NA,NA,NA
"gckk","fckj","ecjk","cckj","ggjk","bfkk","gekk","cejk","cekk","dekj",NA,NA,NA,NA,NA,NA,NA
"gckk","dckj","dbjj","ffkj","cejk","cekk","iekk","ggjk","iekj",NA,NA,NA,NA,NA,NA,NA,NA
"gckk","dfkj","gfjk","hfkj","fekj","cejk","cfjk","eejk","dgkj","ickk","ffkj","fejk",NA,NA,NA,NA,NA
"gckk","hckj","ccjk","hfkj","iekk","cfjk","ffjk","cckj","eckj","cfkj","efkk","ickk","fgkj","efkj","dekk","iekj","eejk"
"gckk","dfkj","gfjk","hfkj","fekj","cejk","cfjk","dckk","dbjj",NA,NA,NA,NA,NA,NA,NA,NA
"gckk","hckj","dfkk","bcjk","fgkj","efkj","efjj","dbjj",NA,NA,NA,NA,NA,NA,NA,NA,NA
"gckk","igkk","hckj","cckk","fckj","ffjk","cckj","fbjj","dbjj",NA,NA,NA,NA,NA,NA,NA,NA
"gckk","egkk","eejk","dgkj","bckk","efkk","dfkk","ifkj","hekk","hfkj","gekk","dejk",NA,NA,NA,NA,NA
"gckk","gfjk","ifkj","hekk","bekk","cfjk","efkk","gckj","jfkk",NA,NA,NA,NA,NA,NA,NA,NA
"gckk","dfkj","gfjk","hfkj","fekj","dekk","dfjk","hgkj","dckk","jfkk",NA,NA,NA,NA,NA,NA,NA
"gckk","ifkk","hfkj","iejk","cgjk","cgkj","bgkk","chkk",NA,NA,NA,NA,NA,NA,NA,NA,NA
"gckk","ffjk","hfjk","bfkk","cfjk","gfkj","fekj","dekk","cfkj","eckj","cbjj",NA,NA,NA,NA,NA,NA
"gckk","ifkk","hfkj","fekj","bekk","cgjk","egkj","fckj","eckj","efjj","dbjj","cbjj",NA,NA,NA,NA,NA
"gckk","cfkj","iekk","cejk","hfkk","fckj","dbjj","ebjj",NA,NA,NA,NA,NA,NA,NA,NA,NA
"gckk","ffjk","hfjk","hekk","ifkj","dfjk","bckk","egkk","eejk","dgkj","bcjj","ebjj",NA,NA,NA,NA,NA
